category,title,url,publish_date,issuing_authority,legal_hierarchy,effective_date
法律动态,智能网联新能源汽车产业发展“十五五”规划,https://www.pkulaw.com/news/e30a99e7e0b0a087bdfb.html?keyword=%E6%99%BA%E8%83%BD&way=listView,2026.09.14,工信部,,
法律动态,工信部印发《“人工智能+软件”专项行动实施方案》,https://www.pkulaw.com/news/cf82a0ea2e61d081bdfb.html?keyword=%E6%99%BA%E8%83%BD&way=listView,2026.09.14,工信部,,
法律动态,商务部消费促进司负责人解读《促进智能家居消费行动方案》,https://www.pkulaw.com/news/740db4f162082088bdfb.html?keyword=%E6%99%BA%E8%83%BD&way=listView,2026.09.14,商务部,,
法律动态,商务部新闻发言人就美发布中国人工智能企业对美蒸馏活动相关网络安全公告答记者问,https://www.pkulaw.com/news/4296c8e4e42aa628bdfb.html?keyword=%E6%99%BA%E8%83%BD&way=listView,2026.09.11,商务部,,
法律动态,《顾客联络服务 人工与智能客户服务协同要求》实施AI与人工客服流转规则有“标”可依,https://www.pkulaw.com/news/542c0d5add0aff48bdfb.html?keyword=%E6%99%BA%E8%83%BD&way=listView,2026.09.11,国家市场监管总局,,
立法资料,工业和信息化部科技司关于公开征求《面向车联网应用的算力网络安全指南》等89项通信行业标准报批意见的公示,https://www.pkulaw.com/protocol/a6eb9aa80d677fb050000fe5a24d6bd8bdfb.html?keyword=%E7%AE%97%E5%8A%9B&way=listView,2026.09.11,工业和信息化部,部门工作文件,
法律动态,北京经开区发布首个人工智能赋能集成电路专项政策,https://www.pkulaw.com/news/5ca491111f7045d3bdfb.html?keyword=%E6%99%BA%E8%83%BD&way=listView,2026.09.08,北京,,
法律动态,最高法发布《关于依法审理涉人工智能纠纷案件的意见》,https://www.pkulaw.com/news/ad8fb9fea85f7360bdfb.html?keyword=%E6%99%BA%E8%83%BD&way=listView,2026.09.08,最高人民法院（微信公众号）,,
中央法规,最高人民法院关于依法审理涉人工智能纠纷案件的意见,https://www.pkulaw.com/chl/088a22e2f79e99f5bdfb.html?keyword=%E6%99%BA%E8%83%BD&way=listView,2026.09.07,最高人民法院,司法解释性质文件,2026.09.07
法规解读,最高法相关部门负责人就《关于依法审理涉人工智能纠纷案件的意见》答记者问,https://www.pkulaw.com/lawexplanation/ebfa7b6d69ff8e5914c23b4a525b3646bdfb.html?way=listView,2026.09.07,最高人民法院,司法解释性质文件,
法律动态,工业和信息化部开展人工智能中小企业创业支持计划,https://www.pkulaw.com/news/d211be496cd2b7ccbdfb.html?keyword=%E6%99%BA%E8%83%BD&way=listView,2026.09.07,工业和信息化部,,
法律动态,上海就智能网联汽车测试示范修订办法征求意见,https://www.pkulaw.com/news/6d81b28ee1ea8dc4bdfb.html?keyword=%E6%99%BA%E8%83%BD&way=listView,2026.09.03,上海市经济和信息化委员会,,
法律动态,中央网信办深入开展“清朗·整治AI应用乱象”专项行动第二阶段工作,https://www.pkulaw.com/news/67d7b4bea6d3b064bdfb.html?keyword=AI&way=listView,2026.09.03,,,
法律动态,国务院国资委举办中央企业“AI for Science”人才特训班,https://www.pkulaw.com/news/514805f089ae0e9fbdfb.html?keyword=AI&way=listView,2026.09.02,,,
法律动态,中部六省算力调度平台接入全国一体化算力网,https://www.pkulaw.com/news/0418b4dcae848e00bdfb.html?keyword=%E7%AE%97%E5%8A%9B&way=listView,2026.09.02,,,
立法资料,住房城乡建设部办公厅关于行业标准《城镇排水工程电气与智能化系统技术标准(修订征求意见稿)》公开征求意见的通知,https://www.pkulaw.com/protocol/213f4ab02e82412790ca799ba65a328bbdfb.html?keyword=%E6%99%BA%E8%83%BD&way=listView,2026.09.01,,,
法律动态,人工智能应用服务商培育专项行动启动,https://www.pkulaw.com/news/0ef9f1b2c961cf41bdfb.html?keyword=%E6%99%BA%E8%83%BD&way=listView,2026.09.01,工信部,,
法律动态,《重庆市预防未成年人犯罪条例》9月1日起正式施行 学校可禁止学生携带手机、智能手表入校,https://www.pkulaw.com/news/d999f9bdf02b49acbdfb.html?keyword=%E6%99%BA%E8%83%BD&way=listView,2026.09.01,重庆市政府网,,
法律动态,工业和信息化部开展人工智能应用服务商培育专项行动,https://www.pkulaw.com/news/21352c3561fea305bdfb.html?keyword=%E6%99%BA%E8%83%BD&way=listView,2026.09.01,工业和信息化部,,
地方法规,深圳律师使用人工智能(AI)辅助执业操作指引(2026)(试行),https://www.pkulaw.com/lar/823ce607c89a731f750a395352c4d135bdfb.html?keyword=AI&way=listView,2026.09.01,深圳市律师协会,地方规范性文件,2026.08.13
中央法规,促进数字化绿色化协同转型发展实施方案(2026—2030年),https://www.pkulaw.com/chl/52463fcb508a1519bdfb.html?keyword=%E6%95%B0%E5%AD%97%E5%8C%96&way=listView,2026.09,,,2026.09
法规解读,《促进数字化绿色化协同转型发展实施方案(2026—2030年)》答记者问,https://www.pkulaw.com/lawexplanation/ebfa7b6d69ff8e59f0151876b6659e84bdfb.html?way=listView,2026.09,国家互联网信息办公室,部门工作文件,
立法资料,全国网络安全标准化技术委员会秘书处关于国家标准《网络安全技术 人工智能安全能力成熟度评估方法》征求意见稿征求意见的通知,https://www.pkulaw.com/protocol/0e41001797257b8a354b62c97fd82225bdfb.html?keyword=%E6%99%BA%E8%83%BD&way=listView,2026.08.26,,,
法律动态,网安标委发布个人用户使用人工智能服务安全指南,https://www.pkulaw.com/news/eb7de50822f78047bdfb.html?keyword=%E6%99%BA%E8%83%BD&way=listView,2026.08.26,全国网络安全标准化技术委员会,,
法律动态,《智慧港口数智化技术指南（第一版）》解读,https://www.pkulaw.com/news/f6d3a6ce65d5e71abdfb.html?keyword=%E6%95%B0%E6%99%BA%E5%8C%96&way=listView,2026.08.25,交通运输部网站,,
法律动态,安徽出台行动方案 大力推进人工智能OPC创新创业发展,https://www.pkulaw.com/news/23b6ec9575c9a73cbdfb.html?keyword=%E6%99%BA%E8%83%BD&way=listView,2026.08.24,安徽,,
中央法规,中国教育学会体育与卫生分会关于举办AI赋能体育教学与跨学科主题学习交流研讨会的通知,https://www.pkulaw.com/chl/0c99ddedc88fdfdcbdfb.html?keyword=AI&way=listView,2026.08.24,中国教育学会,团体规定,2026.08.24
地方法规,泰安市人民政府办公室关于印发《泰安市建筑业数智化转型工作方案》的通知,https://www.pkulaw.com/lar/799146d0214fcda909f61572288303a4bdfb.html?keyword=%E6%95%B0%E6%99%BA%E5%8C%96&way=listView,2026.08.21,,,2026.08.21
中央法规,工业和信息化部办公厅关于公布国家算力互联互通区域节点建设名单的通知,https://www.pkulaw.com/chl/5538af55e1a3d4d6bdfb.html?keyword=%E7%AE%97%E5%8A%9B&way=listView,2026.08.20,工业和信息化部,部门工作文件,2026.08.20
法律动态,《中国—东盟人工智能开发合作发展报告》发布,https://www.pkulaw.com/news/a277133219251d6cbdfb.html?keyword=%E6%99%BA%E8%83%BD&way=listView,2026.08.17,,,
法律动态,天津三部门印发智能机器人产业创新发展方案,https://www.pkulaw.com/news/7443fbb4aba87407bdfb.html?keyword=%E6%99%BA%E8%83%BD&way=listView,2026.08.12,天津三部,,
立法资料,交通运输部海事局关于《全国客船、危险品船智能监控管理系统数据对接规范2.0(征求意见稿)》公开征求意见的通知,https://www.pkulaw.com/protocol/f9c7c60615129936cedff628395702cbbdfb.html?keyword=%E6%99%BA%E8%83%BD&way=listView,2026.08.11,中华人民共和国海事局,部门规范性文件,
地方法规,江西省发展改革委(江西省数据局)、江西省财政厅、江西省人力资源和社会保障厅印发《关于加快发展数据标注产业建设高质量数据集的若干措施》的通知,https://www.pkulaw.com/lar/9d456d670ab2524a9211204c55051942bdfb.html?keyword=%E9%AB%98%E8%B4%A8%E9%87%8F%E6%95%B0%E6%8D%AE&way=listView,2026.08.11,,,2026.08.11
地方法规,四川省发展和改革委员会等部门关于印发《四川省推进算力网建设的若干政策措施(试行)》的通知(川发改数据,https://www.pkulaw.com/lar/443daf2067e233e94828b0e1b46f159abdfb.html?keyword=%E7%AE%97%E5%8A%9B&way=listView,2026.08.11,,,2026.08.11
法律动态,江苏省知识产权局等三部门公布《江苏省人工智能OPC知识产权合规指引》,https://www.pkulaw.com/news/5eb107742615bdf0bdfb.html?keyword=%E6%99%BA%E8%83%BD&way=listView,2026.08.07,江苏省知识产权局,,
中央法规,国家认监委关于公布《检验检测机构数字化建设指南》等15项认证认可行业标准的公告,https://www.pkulaw.com/chl/efa77ebbc68c71d4bdfb.html?keyword=%E6%95%B0%E5%AD%97%E5%8C%96&way=listView,2026.08.06,,,2026.08.06
立法资料,全国网络安全标准化技术委员会秘书处关于国家标准《网络安全技术 消费类智能联网设备分级要求》征求意见稿征求意见的通知,https://www.pkulaw.com/protocol/0e41001797257b8aea3dc84636758b83bdfb.html?keyword=%E6%99%BA%E8%83%BD&way=listView,2026.08.04,全国网络安全标准化技术委员会,部门工作文件,
法律动态,《智能网联汽车 自动驾驶系统安全要求》强制性国家标准正式发布,https://www.pkulaw.com/news/cf3c9890ab40a42bbdfb.html?keyword=%E6%99%BA%E8%83%BD&way=listView,2026.08.04,工信部,,
立法资料,中国互联网协会关于《医疗健康行业智能体应用技术要求：呼吸内科医生助手》等4项团体标准公开征求意见的通知,https://www.pkulaw.com/protocol/9e4ea73e48ffae38c9f101ae3aaec840bdfb.html?keyword=%E6%99%BA%E8%83%BD&way=listView,2026.08.03,中国互联网协会,行业规定,
法律动态,市场监管总局发布智能家电质量安全风险评价国家标准,https://www.pkulaw.com/news/915fa60100b7bc2fbdfb.html?keyword=%E6%99%BA%E8%83%BD&way=listView,2026.07.31,市场监管总局,,
地方法规,厦门市海洋发展局关于修订厦门市加快海洋新兴产业发展若干措施操作规程的通知(2026),https://www.pkulaw.com/lar/89c7703c1b44ceba8b449a3f417f67a3bdfb.html?keyword=%E6%96%B0%E5%85%B4%E4%BA%A7%E4%B8%9A&way=listView,2026.07.30,,,2026.07.30
地方法规,芜湖市人民代表大会常务委员会关于全力支持打造具有重要影响力的产业创新中心供应链中心推动汽车产业链延伸突破算力产业链培育突破的决定,https://www.pkulaw.com/lar/9425475d9dce1b716c92456dc820ee72bdfb.html?keyword=%E7%AE%97%E5%8A%9B&way=listView,2026.07.28,,,2026.07.28
中央法规,中国互联网协会关于批准发布《安全应急行业大模型技术要求和评估方法》等17项团体标准的公告,https://www.pkulaw.com/chl/486395baaef6ab9cbdfb.html?keyword=%E5%A4%A7%E6%A8%A1%E5%9E%8B&way=listView,2026.07.23,,,2026.07.23
中央法规,工业和信息化部办公厅关于印发《“小快轻准”数字化产品和服务培育指引(2026年版)》的通知,https://www.pkulaw.com/chl/72ba8e5735dc9087bdfb.html?keyword=%E6%95%B0%E5%AD%97%E5%8C%96&way=listView,2026.07.22,工业和信息化部,部门工作文件,2026.07.22
立法资料,住房城乡建设部办公厅关于国家标准《算力设施工程技术标准(征求意见稿)》公开征求意见的通知,https://www.pkulaw.com/protocol/d34cb2e34a3d3565befdcd487811f3f4bdfb.html?keyword=%E7%AE%97%E5%8A%9B&way=listView,2026.07.17,,,
地方法规,佛山市政务服务和数据管理局、佛山市工业和信息化局、佛山市科学技术局关于征集行业高质量数据集需求场景清单的通知,https://www.pkulaw.com/lar/7b89f6a0a33e8867b4f8d1d2871140c0bdfb.html?keyword=%E9%AB%98%E8%B4%A8%E9%87%8F%E6%95%B0%E6%8D%AE&way=listView,2026.07.13,,,2026.07.13
法律动态,安徽省出台脑机接口行动方案 打造未来产业新增长极,https://www.pkulaw.com/news/ee2375eb7132b5cdbdfb.html?keyword=%E6%9C%AA%E6%9D%A5%E4%BA%A7%E4%B8%9A&way=listView,2026.07.07,安徽省,,
地方法规,江西省发展改革委(江西省数据局)、江西省工业和信息化厅、江西省财政厅关于印发《江西省算力券(数据券)管理办法》的通知,https://www.pkulaw.com/lar/637194f04cd58d2a26066051989749b7bdfb.html?keyword=%E7%AE%97%E5%8A%9B&way=listView,2026.07.06,江西省发展和改革委员会,地方规范性文件,2026.08.06
地方法规,云南省工业和信息化厅关于征集制造业数智化转型供给服务资源池的通知,https://www.pkulaw.com/lar/4414c2be788eecefbceb4374c1453fa6bdfb.html?keyword=%E6%95%B0%E6%99%BA%E5%8C%96&way=listView,2026.07.02,,,2026.07.02
地方法规,惠州市工业和信息化局关于组织企业参加第二十一届中国国际中小企业博览会中小企业数智化转型展的通知,https://www.pkulaw.com/lar/c656c7cf20148ac25179b5063abab9cdbdfb.html?keyword=%E6%95%B0%E6%99%BA%E5%8C%96&way=listView,2026.06.30,,,2026.06.30
地方法规,北京市经济和信息化局关于发布2026年第三批人工智能赋能新型工业化高质量数据集需求清单公开征集建设单位的通知,https://www.pkulaw.com/lar/6275d29e2c6a427b514ff8e36906e285bdfb.html?keyword=%E9%AB%98%E8%B4%A8%E9%87%8F%E6%95%B0%E6%8D%AE&way=listView,2026.06.30,北京市经济和信息化局,地方工作文件,2026.06.30
地方法规,湖南省工业和信息化厅关于印发《湖南省算力调度平台算力资源并网规范》的通知,https://www.pkulaw.com/lar/9091e0cf0345e4533f5fc09bc1632afcbdfb.html?keyword=%E7%AE%97%E5%8A%9B&way=listView,2026.06.30,,,2026.06.30
立法资料,中国互联网协会关于《数字安全大模型应用能力成熟度评估规范》等2项团体标准公开征求意见的通知,https://www.pkulaw.com/protocol/baa35a39b1a964163c47beb5c08dd330bdfb.html?keyword=%E5%A4%A7%E6%A8%A1%E5%9E%8B&way=listView,2026.06.29,,,
地方法规,中共北京市通州区委宣传部关于印发《关于北京城市副中心促进微短剧及AI漫剧产业高质量发展的若干措施》的通知,https://www.pkulaw.com/lar/436757328f313cbd32036c5685b4da62bdfb.html?keyword=AI&way=listView,2026.06.26,北京市通州区人民政府,地方规范性文件,2026.06.26
中央法规,工业和信息化部等八部门印发《关于推动工业互联网高质量发展的实施意见》的通知,https://www.pkulaw.com/chl/f20befd9d7112eb8bdfb.html?keyword=%E5%B7%A5%E4%B8%9A%E4%BA%92%E8%81%94%E7%BD%91&way=listView,2026.06.20,工业和信息化部,部门规范性文件,2026.06.20
地方法规,青岛市大数据发展管理局关于印发《青岛市2025年高质量数据集建设奖补项目申报指南》的通知,https://www.pkulaw.com/lar/2137dc40da0a4d918920a2a0ba5d8c2dbdfb.html?keyword=%E9%AB%98%E8%B4%A8%E9%87%8F%E6%95%B0%E6%8D%AE&way=listView,2026.06.18,,,2026.06.18
地方法规,青岛市工业和信息化局关于印发《支持国家级工业互联网平台高质量发展若干措施实施细则(修订)》的通知(2026),https://www.pkulaw.com/lar/6edfad54318c521904f8994236ca8445bdfb.html?keyword=%E5%B7%A5%E4%B8%9A%E4%BA%92%E8%81%94%E7%BD%91&way=listView,2026.06.17,,,2026.06.17
地方法规,宁波市经济和信息化局关于开展宁波市第一批高质量数据集建设揭榜挂帅验收工作的通知,https://www.pkulaw.com/lar/e133493f6fb46fa000802335e388f4cfbdfb.html?keyword=%E9%AB%98%E8%B4%A8%E9%87%8F%E6%95%B0%E6%8D%AE&way=listView,2026.06.15,,,2026.06.15
地方法规,重庆市人民政府办公厅关于印发《重庆市建设新型能源算力枢纽实施方案》的通知,https://www.pkulaw.com/lar/964459d6ba9aed2c6152fd045be90668bdfb.html?keyword=%E7%AE%97%E5%8A%9B&way=listView,2026.06.15,,,2026.06.15
地方法规,芜湖市人民政府办公室关于印发芜湖市支持数据算力产业生态培育若干政策的通知,https://www.pkulaw.com/lar/549b239f045ef34a3c3f69ae0b604526bdfb.html?keyword=%E7%AE%97%E5%8A%9B&way=listView,2026.06.12,,,2026.06.12
立法资料,全国网络安全标准化技术委员会秘书处关于对《人工智能应用安全指引 教育行业(征求意见稿)》等2项网络安全标准实践指南公开征求意见的通知,https://www.pkulaw.com/protocol/5945f04917aab7ba4d974b556c8bda5abdfb.html?keyword=%E6%99%BA%E8%83%BD&way=listView,2026.06.10,,,
立法资料,国家药品监督管理局医疗器械技术审评中心关于公开征求《人工智能辅助诊断医疗器械临床评价注册审查指导原则(征求意见稿)》等3项指导原则意见的通知,https://www.pkulaw.com/protocol/2e3a211cc76ca4336030029c5b50054abdfb.html?keyword=%E6%99%BA%E8%83%BD&way=listView,2026.06.10,,,
法律动态,浙江启动高校计算机及人工智能本科教学改革试点“101计划” 大学AI课程更加实战化,https://www.pkulaw.com/news/a36425731ce71a36bdfb.html?keyword=AI&way=listView,2026.06.05,浙江,,
中央法规,中国教育学会外语教学专业委员会关于举办“AI赋能外语课堂教学”粤桂琼三地协同教研活动的通知,https://www.pkulaw.com/chl/710fc01392c5f01abdfb.html?keyword=AI&way=listView,2026.06.04,,,2026.06.04
地方法规,湖州市智能网联车辆产业创新发展条例,https://www.pkulaw.com/lar/eac1143f5687411dd8cc0d22e6337824bdfb.html?keyword=%E6%99%BA%E8%83%BD&way=listView,2026.06.03,,,2026.07.01
中央法规,国家数据局关于印发《关于推进行业高质量数据集建设行动的实施方案》的通知,https://www.pkulaw.com/chl/a69b5c919f530814bdfb.html?keyword=%E9%AB%98%E8%B4%A8%E9%87%8F%E6%95%B0%E6%8D%AE&way=listView,2026.06.03,,,2026.06.03
法律动态,北京互联网法院三案获评首批十大涉人工智能精品司法案例,https://www.pkulaw.com/news/9d1d9fa2020c5a1fbdfb.html?keyword=%E6%99%BA%E8%83%BD&way=listView,2026.06.02,北京互联网法院,,
法规解读,国家金融监督管理总局有关司局负责人就《关于银行业保险业人工智能安全开发应用的指导意见》答记者问,https://www.pkulaw.com/lawexplanation/36dcd4f605bd2d98533309a167154fe1bdfb.html?way=listView,2026.06,,,
法律动态,市场监管总局、国家发展改革委联合印发 《人工智能计量体系和能力建设指引》 系统布局人工智能计量能力建设,https://www.pkulaw.com/news/8bf7e73fdad05bcabdfb.html?keyword=%E6%99%BA%E8%83%BD&way=listView,2026.05.29,市场监管总局,,
地方法规,深圳经济特区智能网联汽车管理条例(2026修正),https://www.pkulaw.com/lar/6e3facb32a2e8c372f7721ee1780c6bbbdfb.html?keyword=%E6%99%BA%E8%83%BD&way=listView,2026.05.27,,,2026.07.01
地方法规,深圳市人民代表大会常务委员会关于修改《深圳经济特区智能网联汽车管理条例》的决定(2026),https://www.pkulaw.com/lar/8ec1eabc39f5a8dfcb995ddbb269194abdfb.html?keyword=%E6%99%BA%E8%83%BD&way=listView,2026.05.27,,,2026.07.01
立法资料,中国网络空间安全协会关于《生成式人工智能技术在药品监管领域规范应用指引》《行业研究数据治理 分类分级指南》两项团体标准征求意见的通知,https://www.pkulaw.com/protocol/b21c343dc96e365584a7361962e756d7bdfb.html?keyword=%E6%99%BA%E8%83%BD&way=listView,2026.05.26,中国网络空间安全协会,行业规定,
法律动态,北京市政府2026年安排25项立法项目 包括博物馆条例、民营经济促进条例、人工智能产业发展条例等,https://www.pkulaw.com/news/bdce54f05db43b34bdfb.html?keyword=%E6%99%BA%E8%83%BD&way=listView,2026.05.22,北京市政府,,
法律动态,山东六大专项行动推进人工智能在制造业全链条全要素全场景深度应用,https://www.pkulaw.com/news/bf694ee1c2509af2bdfb.html?keyword=%E6%99%BA%E8%83%BD&way=listView,2026.05.22,山东,,
立法资料,中国互联网协会关于《医疗健康行业智能体 肺癌辅助诊疗智能体技术要求》团体标准公开征求意见的通知,https://www.pkulaw.com/protocol/b21c343dc96e365504f519df3d97cfb5bdfb.html?keyword=%E6%99%BA%E8%83%BD&way=listView,2026.05.22,中国互联网协会,行业规定,
地方法规,广州市政务服务和数据管理局关于征集人工智能高质量数据集的通知,https://www.pkulaw.com/lar/34e53fd8fb09145469550fa8beb08623bdfb.html?keyword=%E9%AB%98%E8%B4%A8%E9%87%8F%E6%95%B0%E6%8D%AE&way=listView,2026.05.20,广州市政务服务数据管理局,地方工作文件,
中央法规,中国互联网协会关于2026(第三届)“金灵光杯”中国互联网创新大赛增设 “AI+工业软件”特色赛的通知,https://www.pkulaw.com/chl/a8524f6a0cc21001bdfb.html?keyword=AI&way=listView,2026.05.18,中国互联网协会,行业规定,
法律动态,辽宁出台人工智能OPC培育发展实施方案 “一人公司”落地最高奖3万元,https://www.pkulaw.com/news/c8b43109d61fc790bdfb.html?keyword=%E6%99%BA%E8%83%BD&way=listView,2026.05.14,辽宁,,
立法资料,北京市交通委员会关于对《道路运输车辆智能视频监控报警系统技术要求第1部分：总则》等3项标准征求意见的公告,https://www.pkulaw.com/protocol/42160535f5efb804b2c2b4f110102c25bdfb.html?keyword=%E6%99%BA%E8%83%BD&way=listView,2026.05.14,北京市交通委员会,地方规范性文件,
中央法规,国家能源局综合司关于发布“人工智能+”能源高价值场景清单和组织开展试点申报工作的通知,https://www.pkulaw.com/chl/257a617b0751001cbdfb.html?keyword=%E6%99%BA%E8%83%BD&way=listView,2026.05.14,国家能源局,部门工作文件,
地方法规,成都市经济和信息化局关于印发《成都市算力券管理办法(修订)》的通知(2026),https://www.pkulaw.com/lar/a6c098dc8bf41947f5728582aa25e421bdfb.html?keyword=%E7%AE%97%E5%8A%9B&way=listView,2026.05.13,成都市经济和信息化局,地方规范性文件,
地方法规,吉林省人力资源和社会保障厅关于印发《充分发挥人力资源社会保障作用助力具身智能等未来产业加快发展的措施清单》的通知,https://www.pkulaw.com/lar/969a9b2ebcd1902491e68c3f8ae0b20ebdfb.html?keyword=%E6%9C%AA%E6%9D%A5%E4%BA%A7%E4%B8%9A&way=listView,2026.05.13,吉林省人力资源和社会保障厅,地方规范性文件,
中央法规,中国互联网协会关于征集《大模型服务与应用安全评测技术规范》团体标准参编单位的通知,https://www.pkulaw.com/chl/81d338011df89891bdfb.html?keyword=%E5%A4%A7%E6%A8%A1%E5%9E%8B&way=listView,2026.05.11,中国互联网协会,行业规定,
中央法规,中国互联网协会关于批准发布《安全应急大模型》等10项团体标准的公告,https://www.pkulaw.com/chl/9d7cd54775d5d0a0bdfb.html?keyword=%E5%A4%A7%E6%A8%A1%E5%9E%8B&way=listView,2026.05.11,中国互联网协会,行业规定,
中央法规,中国证监会国际合作司关于上海仙工智能科技股份有限公司境外发行上市及境内未上市股份“全流通”备案通知书,https://www.pkulaw.com/chl/d343656d8cc491d2bdfb.html?keyword=%E6%99%BA%E8%83%BD&way=listView,2026.05.11,中国证券监督管理委员会,部门工作文件,
立法资料,全国数据标准化技术委员会秘书处关于征求国家标准《城市全域数字化转型成熟度模型(二次征求意见稿)》意见的通知,https://www.pkulaw.com/protocol/dc497e445a8d1d2564f77423d622d78bbdfb.html?keyword=%E6%95%B0%E5%AD%97%E5%8C%96&way=listView,2026.05.09,全国数据标准化技术委员会,部门工作文件,
地方法规,安徽省发展改革委关于公布2026年度安徽省服务业数智化服务商及产品名单的通知,https://www.pkulaw.com/lar/15811272bfe582a84a3851ec3724ee0ebdfb.html?keyword=%E6%95%B0%E6%99%BA%E5%8C%96&way=listView,2026.05.09,安徽省发展和改革委员会,地方工作文件,
法律动态,司法部全面推行“扫码入企” 以数字化手段规范涉企行政检查,https://www.pkulaw.com/news/b576a5ddffb4b442bdfb.html?keyword=%E6%95%B0%E5%AD%97%E5%8C%96&way=listView,2026.05.08,司法部,,
中央法规,中国互联网协会关于发布《AI算力场景下高带宽存储芯片性能适配技术规范》等6项团体标准立项的公告,https://www.pkulaw.com/chl/2d778b47ec808d74bdfb.html?keyword=AI&way=listView,2026.05.08,中国互联网协会,行业规定,
立法资料,北京经济技术开发区管理委员会关于对《北京经济技术开发区关于促进“人工智能+视听”产业高质量发展若干措施》公开征求意见的公告,https://www.pkulaw.com/protocol/42160535f5efb804cd43fc448faf7869bdfb.html?keyword=%E6%99%BA%E8%83%BD&way=listView,2026.05.07,北京经济技术开发区管理委员会,地方规范性文件,
中央法规,中国互联网协会关于发布《大模型服务与应用安全评测技术规范》团体标准立项的公告,https://www.pkulaw.com/chl/1730603d19077abfbdfb.html?keyword=%E5%A4%A7%E6%A8%A1%E5%9E%8B&way=listView,2026.05.06,中国互联网协会,行业规定,
地方法规,湖南省工业和信息化厅关于印发《湖南省算力券补贴政策实施细则》的通知,https://www.pkulaw.com/lar/03fd7ee01d371d869bd98ca9c0ed640abdfb.html?keyword=%E7%AE%97%E5%8A%9B&way=listView,2026.05.06,湖南省工业和信息化厅,地方规范性文件,
地方法规,山东省工业和信息化厅、山东省财政厅关于印发《山东省化工产业数智化改造标杆奖补政策实施细则》的通知(2026),https://www.pkulaw.com/lar/3df6c5793629c8d7509fab33fa095e71bdfb.html?keyword=%E6%95%B0%E6%99%BA%E5%8C%96&way=listView,2026.05.03,山东省工业和信息化厅,地方规范性文件,
地方法规,嘉兴市智能网联车辆道路测试与应用促进条例,https://www.pkulaw.com/lar/c94c21672b9ffb8a78eeefe7035eddcebdfb.html?keyword=%E6%99%BA%E8%83%BD&way=listView,2026.05.01,嘉兴市人大(含常委会),设区的市地方性法规,
地方法规,杭州市促进具身智能机器人产业发展条例,https://www.pkulaw.com/lar/3960c20d4773b08ee7d49b7bfc6cd41cbdfb.html?keyword=%E6%99%BA%E8%83%BD&way=listView,2026.05.01,杭州市人大(含常委会),设区的市地方性法规,
中央法规,智能体规范应用与创新发展实施意见,https://www.pkulaw.com/chl/c13c321d63bca258bdfb.html?keyword=%E6%99%BA%E8%83%BD&way=listView,2026.05,国家互联网信息办公室,部门规范性文件,
法规解读,《智能体规范应用与创新发展实施意见》答记者问,https://www.pkulaw.com/lawexplanation/e9c32d2ef090d3a72e095b1533a8d48dbdfb.html?way=listView,2026.05,国家互联网信息办公室,部门规范性文件,
立法资料,交通运输部海事局关于公开征求《船舶智能监控系统技术指南(2.0)(征求意见稿)》意见的通知,https://www.pkulaw.com/protocol/b21c343dc96e3655d5cc64dc7b9d7f17bdfb.html?keyword=%E6%99%BA%E8%83%BD&way=listView,2026.05,中华人民共和国海事局,部门规范性文件,
法律动态,杭州法院发布人工智能企业与从业人员权益保护典型案例,https://www.pkulaw.com/news/1d8d1718472e278fbdfb.html?keyword=%E6%99%BA%E8%83%BD&way=listView,2026.04.29,杭州法院,,
地方法规,黑龙江省工业和信息化厅、黑龙江省财政厅关于印发《黑龙江省算力券管理办法(试行)》的通知,https://www.pkulaw.com/lar/5c86b1b841b3ef88b9c0603be29e9a67bdfb.html?keyword=%E7%AE%97%E5%8A%9B&way=listView,2026.04.23,黑龙江省工业和信息化厅,地方规范性文件,
中央法规,农业农村部市场与信息化司关于征集“人工智能+农业”典型应用场景的通知,https://www.pkulaw.com/chl/ade6358a76ae2cbbbdfb.html?keyword=%E6%99%BA%E8%83%BD&way=listView,2026.04.20,农业农村部,部门工作文件,
法律动态,工业和信息化部就推进工业数据筑基行动、加速工业园区数字化转型等答记者问,https://www.pkulaw.com/news/acba4b426bf13980bdfb.html?keyword=%E6%95%B0%E5%AD%97%E5%8C%96&way=listView,2026.04.16,工业和信息化部,,
立法资料,国家数据局综合司关于向社会征求《关于推进行业高质量数据集建设行动的实施方案(征求意见稿)》意见的公告,https://www.pkulaw.com/protocol/5fcad31411b4a8bf08fb672843d47a80bdfb.html?keyword=%E9%AB%98%E8%B4%A8%E9%87%8F%E6%95%B0%E6%8D%AE&way=listView,2026.04.15,国家数据局,部门规范性文件,
地方法规,河北省工业和信息化厅关于沙河市安全实业有限公司1650t/d一窑三线高端电子及汽车、光伏玻璃数智化绿色节能升级改造生产线项目产能置换方案的公示,https://www.pkulaw.com/lar/5a051d0072082a5ebff9bdba5c84867ebdfb.html?keyword=%E6%95%B0%E6%99%BA%E5%8C%96&way=listView,2026.04.15,河北省工业和信息化厅,地方工作文件,
法律动态,《内蒙古自治区“人工智能+” 行动实施方案（2026–2028年）》政策解读,https://www.pkulaw.com/news/c14207e7d833b154bdfb.html?keyword=%E6%99%BA%E8%83%BD&way=listView,2026.04.14,,,
地方法规,北京市怀柔区文化产业发展促进中心关于印发《中国影都人工智能算力服务平台智能影像算力服务实施办法》的通知,https://www.pkulaw.com/lar/f8d70898fdf99c5b4d7e37c290765a96bdfb.html?keyword=%E7%AE%97%E5%8A%9B&way=listView,2026.04.14,北京市怀柔区人民政府,地方规范性文件,
中央法规,国家档案局办公室关于开展人工智能应用试点工作的通知,https://www.pkulaw.com/chl/4607388c34546276bdfb.html?keyword=%E6%99%BA%E8%83%BD&way=listView,2026.04.13,国家档案局,部门工作文件,
中央法规,中国教育学会科学教育分会关于举办2026年数字化实验教学研讨会的通知,https://www.pkulaw.com/chl/28fb4b7f3eb077a8bdfb.html?way=listView,2026.04.13,中国教育学会,团体规定,
法律动态,云南推广人工智能精准匹配公交供需,https://www.pkulaw.com/news/80380a5df5df4156bdfb.html?keyword=%E6%99%BA%E8%83%BD&way=listView,2026.04.10,云南,,
法律动态,《国家药监局关于“人工智能+药品监管”的实施意见》政策解读,https://www.pkulaw.com/news/b06ed5decb876c67bdfb.html?keyword=%E6%99%BA%E8%83%BD&way=listView,2026.04.08,国家药品监督管理局(已变更),部门规范性文件,
中央法规,国家档案局办公室印发《关于推进人工智能在档案行业应用的意见》的通知,https://www.pkulaw.com/chl/4c4184de4719fefebdfb.html?keyword=%E6%99%BA%E8%83%BD&way=listView,2026.04.08,国家档案局,部门工作文件,
地方法规,北京市政务服务和数据管理局关于公开征集北京市行业高质量数据集建设成果的通知,https://www.pkulaw.com/lar/f6d4f37d07e48ec37a5dfc5f54273a2ebdfb.html?keyword=%E9%AB%98%E8%B4%A8%E9%87%8F%E6%95%B0%E6%8D%AE&way=listView,2026.04.08,北京市政务服务和数据管理局,地方工作文件,
法律动态,《智能航运2030行动计划》解读,https://www.pkulaw.com/news/c0edaa4ee4fcb2abbdfb.html?keyword=%E6%99%BA%E8%83%BD&way=listView,2026.04.07,,,
中央法规,中国互联网协会关于发布《科技创新(研发)平台成熟度评价体系》等两项团体标准立项的公告,https://www.pkulaw.com/chl/2d119b30fee6459bbdfb.html?way=listView,2026.04.07,中国互联网协会,行业规定,
中央法规,中国互联网协会关于征集《大模型安全护栏能力技术规范》团体标准参编单位的通知,https://www.pkulaw.com/chl/ee65a70f25053787bdfb.html?way=listView,2026.04.07,中国互联网协会,行业规定,
地方法规,山东省统计局关于省政协十三届四次会议第13040957号提案答复的函(高秀岩委员提出《关于推进我省民营经济统计工作数智化升级的建议》),https://www.pkulaw.com/lar/a9aeab04b34d8134b342d1370bed5781bdfb.html?keyword=%E6%95%B0%E6%99%BA%E5%8C%96&way=listView,2026.04.07,山东省统计局,地方工作文件,
立法资料,国家互联网信息办公室关于《数字虚拟人信息服务管理办法(征求意见稿)》公开征求意见的通知,https://www.pkulaw.com/protocol/4162215dd74c48779af00c2e180200bcbdfb.html?way=listView,2026.04.03,国家互联网信息办公室,部门规范性文件,
立法资料,国家数据局综合司关于向社会公开征求《数据产权登记工作指引(试行)》(公开征求意见稿)意见的公告,https://www.pkulaw.com/protocol/88c6ebf54dcd8c3bc9e68f1282221078bdfb.html?way=listView,2026.04.03,国家数据局,部门规范性文件,
中央法规,中国证券投资基金业协会关于发布《基金经营机构大模型技术应用规范》团体标准的公告,https://www.pkulaw.com/chl/fd27ff2426f61c34bdfb.html?keyword=%E5%A4%A7%E6%A8%A1%E5%9E%8B&way=listView,2026.04.03,中国证券投资基金业协会,行业规定,
中央法规,交通运输部海事局关于印发《加快绿色智能船舶技术规范体系建设行动计划(2026—2030年)》的通知,https://www.pkulaw.com/chl/9d495af84faa5d3abdfb.html?keyword=%E6%99%BA%E8%83%BD&way=listView,2026.04.03,中华人民共和国海事局,部门工作文件,
中央法规,全国数据标准化技术委员会秘书处关于征集数据基础设施、高质量数据集等6个方向标准及技术文件验证试点单位的通知,https://www.pkulaw.com/chl/f2bb3b08b71d4b05bdfb.html?keyword=%E9%AB%98%E8%B4%A8%E9%87%8F%E6%95%B0%E6%8D%AE&way=listView,2026.04.02,全国数据标准化技术委员会,部门工作文件,
中央法规,中国内部审计协会数智化审计分会关于召开第一次会员大会的通知,https://www.pkulaw.com/chl/0b12d457a2235026bdfb.html?keyword=%E6%95%B0%E6%99%BA%E5%8C%96&way=listView,2026.04.02,中国内部审计协会,行业规定,
中央法规,教育部等五部门关于印发《“人工智能+教育”行动计划》的通知,https://www.pkulaw.com/chl/631fa76d9ea75964bdfb.html?keyword=%E6%99%BA%E8%83%BD&way=listView,2026.04.02,教育部,部门工作文件,
立法资料,全国数据标准化技术委员会秘书处关于征求《数据 基础术语(征求意见稿)》等22项国家标准意见的通知,https://www.pkulaw.com/protocol/88c6ebf54dcd8c3b41d16d71e49576bcbdfb.html?way=listView,2026.04.01,全国数据标准化技术委员会,部门工作文件,
地方法规,贵州省大数据局关于印发贵州算力券管理办法的通知(2026修订),https://www.pkulaw.com/lar/cf43d7f0713e01265a5e9da6d31fa882bdfb.html?keyword=%E7%AE%97%E5%8A%9B&way=listView,2026.04.01,贵州省大数据发展管理局,地方规范性文件,
中央法规,工业和信息化部办公厅关于公布面向人工智能赋能的高质量行业数据集建设先行先试联合体名单的通知,https://www.pkulaw.com/chl/31d9d15c311635debdfb.html?keyword=%E6%99%BA%E8%83%BD&way=listView,2026.04.01,工业和信息化部,部门工作文件,
立法资料,关于《北京市无人驾驶航空器管理规定(草案)》的说明,https://www.pkulaw.com/protocol/4162215dd74c4877cd8fb4c0fc474549bdfb.html?way=listView,2026.04,北京市司法局,省级地方性法规,
法规解读,教育部科学技术与信息化司负责人就《“人工智能+教育”行动计划》答记者问,https://www.pkulaw.com/lawexplanation/4dd906229474515535d6dbb7db30e223bdfb.html?way=listView,2026.04,教育部,部门工作文件,
法规解读,《人工智能拟人化互动服务管理暂行办法》答记者问,https://www.pkulaw.com/lawexplanation/e60872ee46f10ab579c272c3acb27c94bdfb.html?way=listView,2026.04,国家互联网信息办公室,部门规章,
中央法规,国家医保局关于公开发布第九批智能监管“两库”规则和知识点的公告,https://www.pkulaw.com/chl/4edabebd6bd6cb1bbdfb.html?keyword=%E6%99%BA%E8%83%BD&way=listView,2026.04,国家医疗保障局,部门工作文件,
中央法规,国家医保局关于公开发布第十批智能监管“两库”规则和知识点的公告,https://www.pkulaw.com/chl/4c53fac7b851bbc2bdfb.html?way=listView,2026.04,国家医疗保障局,部门工作文件,
地方法规,珠海市工业和信息化局关于印发《珠海市推动人工智能与机器人产业高质量发展若干措施(修订版)》的通知(2026),https://www.pkulaw.com/lar/c8367884f7682025b25bfb8f98a3105ebdfb.html?keyword=%E6%99%BA%E8%83%BD&way=listView,2026.03.27,珠海市工业和信息化局,地方规范性文件,
地方法规,珠海市工业和信息化局关于印发《珠海市促进实体经济高质量发展专项资金(人工智能与机器人产业发展用途)管理实施细则(修订版)》的通知(2026),https://www.pkulaw.com/lar/5928bfc85bfec03e5dceb50804b65440bdfb.html?keyword=%E6%99%BA%E8%83%BD&way=listView,2026.03.27,珠海市工业和信息化局,地方规范性文件,
地方法规,上海市文化和旅游局关于组织推荐“人工智能+文化和旅游”应用试点的通知,https://www.pkulaw.com/lar/854c5c460250e579cc44207f3e74443abdfb.html?keyword=%E6%99%BA%E8%83%BD&way=listView,2026.03.27,上海市文化和旅游局,地方工作文件,
地方法规,(转发)关于开展2026年度智能工厂梯度培育申报工作的通知,https://www.pkulaw.com/lar/450a7f10931e33e7bbfdfdd38caa6423bdfb.html?keyword=%E6%99%BA%E8%83%BD&way=listView,2026.03.26,广州市黄埔区工业和信息化局,地方工作文件,
中央法规,文化和旅游部办公厅关于申报“人工智能+文化和旅游”应用试点的通知,https://www.pkulaw.com/chl/94e504c1d87ad609bdfb.html?keyword=%E6%99%BA%E8%83%BD&way=listView,2026.03.23,文化和旅游部,部门工作文件,
地方法规,深圳市工业和信息化局关于印发《深圳市加快推进人工智能服务器产业链高质量发展行动计划(2026—2028年)》的通知,https://www.pkulaw.com/lar/7fab0630718379471a4b85a845af9276bdfb.html?keyword=%E6%99%BA%E8%83%BD&way=listView,2026.03.23,深圳市工业和信息化局,地方工作文件,
地方法规,江苏省工业和信息化厅关于印发《江苏省“人工智能+制造”诊断工作参考指引(2026年)》的通知,https://www.pkulaw.com/lar/d4bbbdaf9e7165403e4d8ca6f65c52e3bdfb.html?keyword=%E6%99%BA%E8%83%BD&way=listView,2026.03.21,江苏省工业和信息化厅,地方工作文件,
中央法规,全国网络安全标准化技术委员会秘书处关于征集人工智能安全标准工作组(WG9)成员单位的通知,https://www.pkulaw.com/chl/e03837c0e8b58a41bdfb.html?keyword=%E6%99%BA%E8%83%BD&way=listView,2026.03.20,全国网络安全标准化技术委员会,部门工作文件,
地方法规,平远县自然资源局关于《广东省平远县智能制造产业园基础配套设施建设(一期)项目第二批临时用地土地复垦方案》通过审查的公告,https://www.pkulaw.com/lar/27a876029cc1dd22a79a275522bf71c6bdfb.html?keyword=%E6%99%BA%E8%83%BD&way=listView,2026.03.20,平远县自然资源局,地方工作文件,
地方法规,广州市人民政府办公厅关于印发广州市促进人工智能产业高质量发展实施方案的通知,https://www.pkulaw.com/lar/f573acc205e3b071f3cb60a95dad348dbdfb.html?keyword=%E6%99%BA%E8%83%BD&way=listView,2026.03.18,广州市人民政府,地方工作文件,
地方法规,北京市医疗保险事务管理中心关于公开发布第八批智能审核规则库规则和知识点的通知,https://www.pkulaw.com/lar/9dfec4b4f461da276b2153a9640d89dfbdfb.html?keyword=%E6%99%BA%E8%83%BD&way=listView,2026.03.18,北京市医疗保险事务管理中心,地方工作文件,
地方法规,宁波市住房和城乡建设局关于征集全市住建领域“人工智能”专家库成员的通知,https://www.pkulaw.com/lar/81cb1f7300af6a4854cdcec9e391ecbabdfb.html?keyword=%E6%99%BA%E8%83%BD&way=listView,2026.03.17,宁波市住房和城乡建设局,地方工作文件,
地方法规,山东省医疗保障局对省十四届人大四次会议第20261066号《关于依托人工智能技术提升基层诊疗能力从源头降低群众就医综合成本的建议》的答复,https://www.pkulaw.com/lar/c14d08a2d8c3989fef7c87da69d76871bdfb.html?keyword=%E6%99%BA%E8%83%BD&way=listView,2026.03.17,山东省医疗保障局,地方工作文件,
地方法规,天津市商务局关于增发家电以旧换新、数码和智能产品购新线上渠道补贴资格兑换券的公告,https://www.pkulaw.com/lar/56bc404d8cc9e1fa38b200f256cd0291bdfb.html?keyword=%E6%99%BA%E8%83%BD&way=listView,2026.03.17,天津市商务局,地方工作文件,
地方法规,哈尔滨市科学技术局关于发布航空航天领域人工智能技术需求清单的通知,https://www.pkulaw.com/lar/8a6c30b192b2340da2a00c97a078d27fbdfb.html?keyword=%E6%99%BA%E8%83%BD&way=listView,2026.03.16,哈尔滨市科学技术局,地方工作文件,
地方法规,青岛市住房和城乡建设局关于房屋建筑和市政工程招投标领域试点实施主观评标人工智能打分参考和打分偏离度实时提示机制的通知,https://www.pkulaw.com/lar/c509b52a4b3a9620e17d97747bd4f41fbdfb.html?keyword=%E6%99%BA%E8%83%BD&way=listView,2026.03.16,青岛市住房和城乡建设局(原青岛市城乡建设委员会),地方工作文件,
地方法规,内蒙古自治区科学技术厅关于发布2026年内蒙古自治区科技重大专项氢能、低空经济、人工智能+领域(第一批)项目申报指南的通知,https://www.pkulaw.com/lar/799620d4dc6ab5d054d9fee99cf2c6e7bdfb.html?keyword=%E6%99%BA%E8%83%BD&way=listView,2026.03.15,内蒙古自治区科学技术厅,地方工作文件,
地方法规,珠海市科技创新局关于开展珠海市2026年“人工智能”产业领域指南建议征集和产业情况调查的通知,https://www.pkulaw.com/lar/0cf2ee7122dd533ba0cfdcc604dc81bbbdfb.html?keyword=%E6%99%BA%E8%83%BD&way=listView,2026.03.13,珠海市科技创新局,地方工作文件,
地方法规,陕西省文化和旅游厅关于开展“人工智能+文化和旅游”应用场景申报推荐工作的通知,https://www.pkulaw.com/lar/5a2e5cb358cf7f39ea130e072fd723a9bdfb.html?keyword=%E6%99%BA%E8%83%BD&way=listView,2026.03.13,陕西省文化和旅游厅,地方工作文件,
地方法规,上海市经济和信息化委员会关于征集“人工智能+新材料”垂类大模型建设和需求应用场景的通知,https://www.pkulaw.com/lar/2425e97cf9387251fb69537b5116ce81bdfb.html?keyword=%E6%99%BA%E8%83%BD&way=listView,2026.03.12,上海市经济和信息化委员会,地方工作文件,
地方法规,福州市商务局关于2026年政策接续期间第五批家电以旧换新、数码和智能产品购新补贴活动企业名单的公告,https://www.pkulaw.com/lar/e4805df8f26209b19b6fd6200c3ad0fdbdfb.html?keyword=%E6%99%BA%E8%83%BD&way=listView,2026.03.10,福州市商务局,地方工作文件,
地方法规,南通市政府关于印发《南通市人工智能创新发展三年行动方案(2026—2028年)》的通知,https://www.pkulaw.com/lar/8af3e7ff1975269ef9c7e5bdfbf54340bdfb.html?keyword=%E6%99%BA%E8%83%BD&way=listView,2026.03.10,南通市人民政府,地方工作文件,
地方法规,江苏省住房城乡建设厅关于公布省级智能建造试点县(市、区)的通知,https://www.pkulaw.com/lar/238b0775e998c5b7a041ae381558ef15bdfb.html?keyword=%E6%99%BA%E8%83%BD&way=listView,2026.03.10,江苏省住房和城乡建设厅,地方工作文件,
地方法规,重庆市人力资源和社会保障局、重庆市经济和信息化委员会关于印发重庆市工程技术智能网联新能源汽车专业职称申报条件的通知,https://www.pkulaw.com/lar/3af21a692a8cc25fd697d1217752a211bdfb.html?keyword=%E6%99%BA%E8%83%BD&way=listView,2026.03.10,重庆市人力资源和社会保障局,地方工作文件,
地方法规,关于对江苏天海特种装备有限公司江苏天海二期智能化金属表面处理产线改造项目环境影响报告表的批复公告,https://www.pkulaw.com/lar/39e37394d815961624671558d6b96bcfbdfb.html?keyword=%E6%99%BA%E8%83%BD&way=listView,2026.03.10,镇江市生态环境局,地方工作文件,
中央法规,中国证监会国际合作司关于浙江翼菲智能科技股份有限公司境外发行上市及境内未上市股份“全流通”备案通知书,https://www.pkulaw.com/chl/9d85d7e924251315bdfb.html?keyword=%E6%99%BA%E8%83%BD&way=listView,2026.03.10,中国证券监督管理委员会,部门工作文件,
地方法规,大连市商务局、大连市发展和改革委员会、大连市财政局、大连市市场监管局、大连市邮政管理局关于印发《2026年大连市家电以旧换新数码和智能产品购新补贴实施细则》的通知,https://www.pkulaw.com/lar/eb8a842acd0a7fe58c639b6c4bcfbb94bdfb.html?keyword=%E6%99%BA%E8%83%BD&way=listView,2026.03.10,大连市商务局,地方规范性文件,
地方法规,黑龙江省工业和信息化厅、黑龙江省财政厅关于开展2026年度高端智能农机装备制造项目贷款贴息政策兑现申报工作的通知,https://www.pkulaw.com/lar/a650ec33cd88a4a161ccadaef4e8bb5abdfb.html?keyword=%E6%99%BA%E8%83%BD&way=listView,2026.03.10,黑龙江省工业和信息化厅,地方工作文件,
地方法规,江苏省住房和城乡建设厅关于修订印发《关于推进江苏省智能建造发展的实施方案》的通知(2026),https://www.pkulaw.com/lar/f7e3029ab561b2b8a22ba8fbe9a147c8bdfb.html?keyword=%E6%99%BA%E8%83%BD&way=listView,2026.03.09,江苏省住房和城乡建设厅,地方工作文件,
地方法规,广西壮族自治区生态环境厅关于广西术界智能医疗科技有限公司申请首次核发辐射安全许可证的批复,https://www.pkulaw.com/lar/5219bf4025e7007db9f605fc6a2d28b2bdfb.html?keyword=%E6%99%BA%E8%83%BD&way=listView,2026.03.09,广西壮族自治区生态环境厅,地方工作文件,
中央法规,上海证券交易所关于同意招商证券股份有限公司为南方上证科创板人工智能交易型开放式指数证券投资基金提供主做市服务的公告,https://www.pkulaw.com/chl/86fb75f01846292dbdfb.html?keyword=%E6%99%BA%E8%83%BD&way=listView,2026.03.06,上海证券交易所,行业规定,
地方法规,辽宁省住房和城乡建设厅关于加快推动全省智能建造与新型建筑工业化协同发展的通知(2026修改),https://www.pkulaw.com/lar/91f0c6714d7f43e10488bbe763649906bdfb.html?keyword=%E6%99%BA%E8%83%BD&way=listView,2026.03.06,辽宁省住房和城乡建设厅,,
地方法规,黑龙江省科学技术厅、黑龙江省财政厅关于组织申报2026年省重点研发计划人工智能等4个前沿技术专项项目的通知,https://www.pkulaw.com/lar/e53220917c42a9dbc4ace23eb73274a2bdfb.html?keyword=%E6%99%BA%E8%83%BD&way=listView,2026.03.05,黑龙江省科学技术厅,地方工作文件,
地方法规,福州市商务局关于2026年政策接续期间第四批家电以旧换新、数码和智能产品购新补贴活动企业名单的公告,https://www.pkulaw.com/lar/9aa45c58954b9a5d4e34806f1f52a981bdfb.html?keyword=%E6%99%BA%E8%83%BD&way=listView,2026.03.05,福州市商务局,地方工作文件,
地方法规,黑龙江省工业和信息化厅、黑龙江省财政厅关于开展黑龙江省智能农机高质量发展专项政策申报工作的通知,https://www.pkulaw.com/lar/418eacd92638c0770414fa390686888abdfb.html?keyword=%E6%99%BA%E8%83%BD&way=listView,2026.03.04,黑龙江省工业和信息化厅,地方工作文件,
地方法规,河北省工业和信息化厅关于开展面向人工智能赋能的高质量行业数据集建设先行先试申报的通知,https://www.pkulaw.com/lar/0757b2b3e6bf8fa38d78a1be9ea1409ebdfb.html?keyword=%E6%99%BA%E8%83%BD&way=listView,2026.03.04,河北省工业和信息化厅,地方工作文件,
中央法规,上海证券交易所关于同意方正证券股份有限公司为南方上证科创板人工智能交易型开放式指数证券投资基金提供主做市服务的公告,https://www.pkulaw.com/chl/bd290f02e9ffde31bdfb.html?keyword=%E6%99%BA%E8%83%BD&way=listView,2026.03.03,上海证券交易所,行业规定,
中央法规,上海证券交易所关于同意东方证券股份有限公司为国泰上证科创板人工智能交易型开放式指数证券投资基金提供主做市服务的公告,https://www.pkulaw.com/chl/3c4b75afd5a7d1d2bdfb.html?keyword=%E6%99%BA%E8%83%BD&way=listView,2026.03.03,上海证券交易所,行业规定,
地方法规,河南省交通运输厅关于印发河南省“人工智能＋交通运输”创新应用行动方案的通知,https://www.pkulaw.com/lar/db4d314b710e493c98389695526a8779bdfb.html?keyword=%E6%99%BA%E8%83%BD&way=listView,2026.03.03,河南省交通运输厅,地方工作文件,
地方法规,天津市工业和信息化局、天津市交通运输委、天津市公安局关于印发《在津开展智能网联汽车道路测试与示范应用活动管理流程》的通知,https://www.pkulaw.com/lar/05798625e5dac0a6f7163366bd4d10b9bdfb.html?keyword=%E6%99%BA%E8%83%BD&way=listView,2026.03.03,天津市工业和信息化局,地方工作文件,
中央法规,深圳证券交易所关于将福州达华智能科技股份有限公司股票调出融资融券标的证券名单的公告,https://www.pkulaw.com/chl/b916e45e7869899abdfb.html?keyword=%E6%99%BA%E8%83%BD&way=listView,2026.03.02,深圳证券交易所,行业规定,
地方法规,长沙市商务局、长沙市发展和改革委员会、长沙市财政局、长沙市市场监督管理局、长沙市邮政管理局关于印发《长沙市2026年家电以旧换新、数码和智能产品购新补贴实施细则》的通知,https://www.pkulaw.com/lar/afe3b6e894044e019b24be8723aebccbbdfb.html?keyword=%E6%99%BA%E8%83%BD&way=listView,2026.03.02,长沙市商务局,地方规范性文件,
地方法规,深圳市商务局关于印发《深圳市2026年家电以旧换新、数码和智能产品购新补贴实施指引》的通知,https://www.pkulaw.com/lar/aacc6065b1d7cacab45f55dd864f7a4dbdfb.html?keyword=%E6%99%BA%E8%83%BD&way=listView,2026.03.02,深圳市商务局,地方工作文件,
地方法规,江苏省工业和信息化厅关于印发江苏省“人工智能＋制造”诊断工作方案(2026—2027)的通知,https://www.pkulaw.com/lar/dbe5649f94ca6c8fec35bf1d163fbbc3bdfb.html?keyword=%E6%99%BA%E8%83%BD&way=listView,2026.03.02,江苏省工业和信息化厅,地方工作文件,
地方法规,蚌埠市促进智能传感产业发展条例,https://www.pkulaw.com/lar/97d8ea7de10d5483783874bb5717e351bdfb.html?keyword=%E6%99%BA%E8%83%BD&way=listView,2026.03.01,蚌埠市人大(含常委会),设区的市地方性法规,
地方法规,深圳市公安局交通管理局关于印发《深圳市公安局交通管理局智能网联汽车登记办法》的通知,https://www.pkulaw.com/lar/8c8223985dc989d4ad94aca34dd373ebbdfb.html?keyword=%E6%99%BA%E8%83%BD&way=listView,2026.03.01,深圳市公安局交通管理局,地方规范性文件,
地方法规,广州市海珠区人工智能发展局广州市海珠区科技工业商务和信息化局关于印发广州市海珠区促进人工智能大模型应用实施细则的通知,https://www.pkulaw.com/lar/75b0608acdc2b470d2fe707e514971eebdfb.html?keyword=%E6%99%BA%E8%83%BD&way=listView,2026.03.01,广州市海珠区科技工业商务和信息化局,地方规范性文件,
